{
  "version": 1,
  "author": "Anonymous maker",
  "editor": "wokwi",
  "parts": [
    { "type": "wokwi-arduino-mega", "id": "mega", "top": -35.34, "left": -18, "attrs": {} },
    { "type": "wokwi-servo", "id": "servo1", "top": 189.1, "left": 95.99, "attrs": {} },
    { "type": "wokwi-dht22", "id": "dht1", "top": -14.41, "left": -99.51, "attrs": {} }
  ],
  "connections": [
    [ "mega:GND.2", "servo1:GND", "black", [ "v33.01", "h-108.25", "v56.67" ] ],
    [ "mega:5V", "servo1:V+", "red", [ "v61.67", "h-81.83" ] ],
    [ "servo1:PWM", "mega:12", "green", [ "h-123.58", "v-302.56", "h147.59" ] ],
    [ "dht1:GND", "mega:GND.3", "black", [ "v64.79", "h112.9" ] ],
    [ "dht1:VCC", "mega:3.3V", "red", [ "v102.92", "h111.35" ] ],
    [ "mega:8", "dht1:SDA", "green", [ "v-42.13", "h-195.77", "v205.5", "h-43.08" ] ]
  ]
}